{
    "accuracy": 0.9401181281235802,
    "FAR": 0.0,
    "FRR": 0.05988187187641981
}