{
    "overall_accuracy": 0.9301226715129487,
    "overall_far": 0.017313518972731208,
    "overall_frr": 0.03289150711831124,
    "per_keyword_metrics": {
        "yes": {
            "far": 0.0009446438692612885,
            "frr": 0.021479713603818614
        },
        "down": {
            "far": 0.004056986508161147,
            "frr": 0.046798029556650245
        },
        "go": {
            "far": 0.0022635103272658683,
            "frr": 0.1318407960199005
        },
        "left": {
            "far": 0.0002832058906825262,
            "frr": 0.09466019417475728
        },
        "no": {
            "far": 0.006792452830188679,
            "frr": 0.012345679012345678
        },
        "off": {
            "far": 0.0036782042818070356,
            "frr": 0.05970149253731343
        },
        "on": {
            "far": 0.0006598171363936281,
            "frr": 0.07323232323232323
        },
        "right": {
            "far": 0.0007540767273070035,
            "frr": 0.07575757575757576
        },
        "stop": {
            "far": 0.0002831791580139702,
            "frr": 0.046228710462287104
        },
        "up": {
            "far": 0.0024574669187145556,
            "frr": 0.05176470588235294
        }
    }
}