{
    "overall_accuracy": 0.9489323034984098,
    "overall_far": 0.012696580580002885,
    "overall_frr": 0.024545900834560628,
    "per_keyword_metrics": {
        "yes": {
            "far": 0.0007557150954090308,
            "frr": 0.011933174224343675
        },
        "down": {
            "far": 0.001226530804792905,
            "frr": 0.05665024630541872
        },
        "go": {
            "far": 0.0015090068848439121,
            "frr": 0.05721393034825871
        },
        "left": {
            "far": 0.0011328235627301047,
            "frr": 0.03398058252427184
        },
        "no": {
            "far": 0.0027358490566037736,
            "frr": 0.027160493827160494
        },
        "off": {
            "far": 0.0021691973969631237,
            "frr": 0.03980099502487562
        },
        "on": {
            "far": 0.001696672636440758,
            "frr": 0.04292929292929293
        },
        "right": {
            "far": 0.0016024130455273824,
            "frr": 0.04040404040404041
        },
        "stop": {
            "far": 0.00037757221068529355,
            "frr": 0.0267639902676399
        },
        "up": {
            "far": 0.0012287334593572778,
            "frr": 0.06823529411764706
        }
    }
}