{
    "overall_accuracy": 0.9434802362562471,
    "overall_far": 0.010676670033184244,
    "overall_frr": 0.03215513009327442,
    "per_keyword_metrics": {
        "yes": {
            "far": 0.0010391082561874174,
            "frr": 0.014319809069212411
        },
        "down": {
            "far": 0.0016039248985753372,
            "frr": 0.0665024630541872
        },
        "go": {
            "far": 0.0014146939545411675,
            "frr": 0.05472636815920398
        },
        "left": {
            "far": 0.0010384215991692627,
            "frr": 0.055825242718446605
        },
        "no": {
            "far": 0.0020754716981132076,
            "frr": 0.05185185185185185
        },
        "off": {
            "far": 0.0017919456757521455,
            "frr": 0.05721393034825871
        },
        "on": {
            "far": 0.0012253746818738807,
            "frr": 0.0707070707070707
        },
        "right": {
            "far": 0.0006598171363936281,
            "frr": 0.06060606060606061
        },
        "stop": {
            "far": 0.000471965263356617,
            "frr": 0.021897810218978103
        },
        "up": {
            "far": 0.0027410207939508506,
            "frr": 0.05411764705882353
        }
    }
}